Purpose and category,,,
,,,
Row Labels,Business,Personal,Grand Total
Airport/Travel,54,,54
Between Offices,18,,18
Charity ($),,1,1
Commute,,1,1
Customer Visit,144,11,155
Errand/Supplies,159,14,173
Meal/Entertain,227,18,245
Meeting,280,16,296
Moving,,4,4
Temporary Site,184,10,194
Grand Total,1066,75,1141
,,,
Trips by Hour (Peak Time Analysis) - Count of Trips,,,
,,,
Row Labels,Count of MILES,,
0,19,,
1,5,,
2,2,,
3,3,,
5,4,,
6,4,,
7,13,,
8,35,,
9,51,,
10,65,,
11,72,,
12,77,,
13,94,,
14,89,,
15,98,,
16,88,,
17,95,,
18,94,,
19,68,,
20,71,,
21,50,,
22,30,,
23,14,,
Grand Total,1141,,
,,,
Pivot Table 2: Revenue by Month (Sum of Miles),,,
,,,
Row Labels,Sum of MILES,,
Jan,825.430486,,
April,1559.45046,,
Feb,1457.25737,,
Mar,2402.583686,,
May,564.717406,,
Aug,2149.27357,,
Sep,653.713908,,
Oct,2885.54662,,
Nov,1314.669846,,
Dec,1579.245342,,
June,1276.689422,,
July,1924.931574,,
Grand Total,18593.50969,,
,,,
Pivot Table 3: Trips by Day (Count of Trips),,,
,,,
Row Labels,Count of MILES,,
Sunday,147,,
Monday,174,,
Tuesday,173,,
Wednesday,146,,
Thursday,153,,
Friday,202,,
Saturday,146,,
Grand Total,1141,,
,,,
Pivot Table 4: Top Pickup Locations (Count of Trips),,,
,,,
Row Labels,Count of MILES,,
Agnew,4,,
Almond,1,,
Apex,17,,
Arabi,1,,
Arlington,1,,
Arlington Park at Amberly,1,,
Asheville,2,,
Austin,1,,
Banner Elk,8,,
Berkeley,16,,
Boone,2,,
Briar Meadow,1,,
Bryson City,5,,
Burtrose,1,,
Capitol One,2,,
Cary,201,,
CBD,4,,
Central,8,,
Chalmette,1,,
Chapel Hill,2,,
Chessington,2,,
College Avenue,1,,
Colombo,8,,
Columbia Heights,1,,
Congress Ave District,1,,
Connecticut Avenue,1,,
Convention Center District,1,,
Cory,1,,
Couples Glen,2,,
Covington,6,,
Coxville,1,,
Daytona Beach,1,,
Downtown,9,,
Durham,30,,
Eagan Park,1,,
Eagle Rock,1,,
East Austin,1,,
East Elmhurst,1,,
East Harlem,1,,
Eastgate,1,,
Edgehill Farms,8,,
El Cerrito,1,,
Elk Park,1,,
Elmhurst,1,,
Emeryville,10,,
Fairmont,1,,
Farmington Woods,2,,
Fayetteville Street,3,,
Financial District,1,,
Flatiron District,1,,
Florence,1,,
Fort Pierce,5,,
Fuquay-Varina,1,,
Galveston,2,,
Gampaha,1,,
Georgian Acres,1,,
Gulfton,1,,
Hayesville,1,,
Hazelwood,7,,
Hell's Kitchen,1,,
Heritage Pines,2,,
Holly Springs,2,,
Houston,5,,
Hudson Square,2,,
Huntington Woods,3,,
Ingleside,1,,
Islamabad,57,,
Jackson Heights,1,,
Jacksonville,1,,
Jamaica,2,,
Jamestown Court,1,,
K Street,2,,
Kalorama Triangle,3,,
Kar?chi,27,,
Karachi,4,,
Katunayaka,2,,
Katunayake,1,,
Katy,1,,
Kenner,11,,
Kilarney Woods,2,,
Kissimmee,11,,
Krendle Woods,1,,
Lahore,36,,
Lake Reams,2,,
Lake Wellingborough,1,,
Lakeview,1,,
Latta,1,,
Lexington Park at Amberly,2,,
Long Island City,1,,
Lower Garden District,1,,
Lower Manhattan,1,,
Mandeville,2,,
Marigny,1,,
Mcvan,1,,
Mebane,1,,
Medical Centre,1,,
Menlo Park,3,,
Meredith,1,,
Meredith Townes,3,,
Metairie,4,,
Midtown,14,,
Midtown East,1,,
Morrisville,84,,
Mountain View,1,,
New Orleans,10,,
New York,4,,
Newark,2,,
Newland,2,,
NOMA,1,,
Noorpur Shahan,5,,
North Austin,1,,
North Berkeley Hills,1,,
Northwoods,3,,
Nugegoda,1,,
Oakland,7,,
Old City,2,,
Orlando,8,,
Palo Alto,2,,
Parkway,5,,
Parkwood,1,,
Pontchartrain Beach,1,,
Pontchartrain Shores,2,,
Port Bolivar,3,,
Preston,6,,
R?walpindi,11,,
Raleigh,28,,
Rawalpindi,5,,
Red River District,1,,
Redmond,1,,
Renaissance,2,,
Rose Hill,1,,
San Francisco,8,,
San Jose,2,,
Sand Lake Commons,1,,
Santa Clara,1,,
Savon Height,4,,
Seaport,1,,
Seattle,1,,
Sharpstown,5,,
Sky Lake,1,,
Soho,1,,
SOMISSPO,2,,
South,2,,
South Berkeley,1,,
South Congress,5,,
Southside,4,,
St Thomas,1,,
Stonewater,1,,
Storyville,2,,
Sugar Land,1,,
Summerwinds,1,,
Sunnyside,1,,
Sunnyvale,1,,
Tanglewood,4,,
Tenderloin,1,,
The Drag,7,,
Topton,2,,
Townes at Everett Crossing,1,,
Tribeca,1,,
University District,1,,
Unknown Location,146,,
Wake Co.,1,,
Wake Forest,1,,
Washington,1,,
Washington Avenue,1,,
Waverly Place,4,,
Wayne Ridge,4,,
West Berkeley,5,,
West End,1,,
West Palm Beach,2,,
West University,2,,
Weston,2,,
Westpark Place,17,,
Whitebridge,68,,
Winston Salem,1,,
Grand Total,1141,,
,,,
,,,
Pivot Table 6: Average Trip Distance by Purpose (Average of Miles),,,
,,,
Row Labels,Average of MILES,,
Airport/Travel,24.06559352,,
Between Offices,17.61333222,,
Charity ($),24.301034,,
Commute,290.003068,,
Customer Visit,25.85534495,,
Errand/Supplies,9.541618717,,
Meal/Entertain,9.292132098,,
Meeting,18.75805383,,
Moving,7.322497,,
Temporary Site,16.21700395,,
Grand Total,16.29580166,,
,,,
Pivot Table 7: Revenue by Pickup Location (Sum of Miles),,,
,,,
Row Labels,Sum of MILES,,
Agnew,17.863674,,
Almond,24.461968,,
Apex,146.128072,,
Arabi,27.35878,,
Arlington,7.885766,,
Arlington Park at Amberly,2.092142,,
Asheville,463.007118,,
Austin,218.87024,,
Banner Elk,159.32466,,
Berkeley,370.1482,,
Boone,328.30536,,
Briar Meadow,15.449664,,
Bryson City,167.532294,,
Burtrose,7.724832,,
Capitol One,30.416526,,
Cary,2882.810742,,
CBD,24.783836,,
Central,25.105704,,
Chalmette,1.770274,,
Chapel Hill,64.856402,,
Chessington,10.782578,,
College Avenue,4.184284,,
Colombo,65.661072,,
Columbia Heights,2.41401,,
Congress Ave District,1.287472,,
Connecticut Avenue,2.092142,,
Convention Center District,3.21868,,
Cory,6.276426,,
Couples Glen,54.556626,,
Covington,48.923936,,
Coxville,20.11675,,
Daytona Beach,129.55187,,
Downtown,58.74091,,
Durham,507.103034,,
Eagan Park,6.276426,,
Eagle Rock,5.793624,,
East Austin,20.599552,,
East Elmhurst,13.035654,,
East Harlem,10.299776,,
Eastgate,9.173238,,
Edgehill Farms,33.957074,,
El Cerrito,4.988954,,
Elk Park,19.633948,,
Elmhurst,12.07005,,
Emeryville,84.168482,,
Fairmont,5.471756,,
Farmington Woods,14.001258,,
Fayetteville Street,35.083612,,
Financial District,7.724832,,
Flatiron District,2.574944,,
Florence,256.367862,,
Fort Pierce,134.058022,,
Fuquay-Varina,25.105704,,
Galveston,96.721334,,
Gampaha,77.570188,,
Georgian Acres,9.977908,,
Gulfton,18.990212,,
Hayesville,121.827038,,
Hazelwood,41.360038,,
Hell's Kitchen,3.21868,,
Heritage Pines,12.230984,,
Holly Springs,43.45218,,
Houston,141.460986,,
Hudson Square,10.299776,,
Huntington Woods,28.485318,,
Ingleside,8.85137,,
Islamabad,645.667208,,
Jackson Heights,2.896812,,
Jacksonville,280.347028,,
Jamaica,62.442392,,
Jamestown Court,1.60934,,
K Street,3.379614,,
Kalorama Triangle,6.920162,,
Kar?chi,185.235034,,
Karachi,36.532018,,
Katunayaka,71.132828,,
Katunayake,10.299776,,
Katy,48.602068,,
Kenner,184.591298,,
Kilarney Woods,10.299776,,
Kissimmee,262.805222,,
Krendle Woods,9.816974,,
Lahore,383.344788,,
Lake Reams,5.310822,,
Lake Wellingborough,12.230984,,
Lakeview,8.85137,,
Latta,499.378202,,
Lexington Park at Amberly,17.059004,,
Long Island City,22.369826,,
Lower Garden District,10.299776,,
Lower Manhattan,2.896812,,
Mandeville,52.786352,,
Marigny,2.41401,,
Mcvan,23.33543,,
Mebane,72.742168,,
Medical Centre,1.126538,,
Menlo Park,78.05299,,
Meredith,12.07005,,
Meredith Townes,41.03817,,
Metairie,50.050474,,
Midtown,162.865208,,
Midtown East,3.057746,,
Morrisville,1066.99242,,
Mountain View,70.167224,,
New Orleans,261.195882,,
New York,88.835568,,
Newark,56.165966,,
Newland,73.546838,,
NOMA,1.448406,,
Noorpur Shahan,37.980424,,
North Austin,11.587248,,
North Berkeley Hills,3.540548,,
Northwoods,16.415268,,
Nugegoda,5.793624,,
Oakland,95.272928,,
Old City,22.691694,,
Orlando,202.454972,,
Palo Alto,19.794882,,
Parkway,29.611856,,
Parkwood,1.931208,,
Pontchartrain Beach,11.26538,,
Pontchartrain Shores,10.46071,,
Port Bolivar,17.380872,,
Preston,21.887024,,
R?walpindi,399.11632,,
Raleigh,696.84422,,
Rawalpindi,215.007824,,
Red River District,1.60934,,
Redmond,4.667086,,
Renaissance,9.012304,,
Rose Hill,4.02335,,
San Francisco,163.830812,,
San Jose,77.892056,,
Sand Lake Commons,9.977908,,
Santa Clara,70.650026,,
Savon Height,31.060262,,
Seaport,5.310822,,
Seattle,22.852628,,
Sharpstown,76.282716,,
Sky Lake,9.65604,,
Soho,0.80467,,
SOMISSPO,4.506152,,
South,11.587248,,
South Berkeley,1.448406,,
South Congress,26.875978,,
Southside,11.748182,,
St Thomas,2.896812,,
Stonewater,4.82802,,
Storyville,4.988954,,
Sugar Land,56.487834,,
Summerwinds,14.001258,,
Sunnyside,1.126538,,
Sunnyvale,28.324384,,
Tanglewood,40.072566,,
Tenderloin,1.931208,,
The Drag,42.003774,,
Topton,113.45847,,
Townes at Everett Crossing,5.310822,,
Tribeca,1.448406,,
University District,8.0467,,
Unknown Location,2838.714826,,
Wake Co.,2.896812,,
Wake Forest,51.337946,,
Washington,10.621644,,
Washington Avenue,9.977908,,
Waverly Place,37.497622,,
Wayne Ridge,51.49888,,
West Berkeley,29.129054,,
West End,3.21868,,
West Palm Beach,18.346476,,
West University,7.081096,,
Weston,12.87472,,
Westpark Place,59.706514,,
Whitebridge,439.993556,,
Winston Salem,215.007824,,
Grand Total,18593.50969,,
,,,
Distance vs Revenue Analysis (Sum & Count of Miles by Distance Band),,,
,,,
Row Labels,Sum of MILES,Count of MILES2,
0-5,1117.68663,344,
Oct-20,4477.666682,308,
20+,10951.39777,220,
05-Oct,2046.758612,269,
Grand Total,18593.50969,1141,
